/*
 * =================================================================
 *                       DB 초기 데이터 셋업
 * ================================================================
 */

/* 부가 서비스 종류 초기 데이터 */
INSERT INTO option_service (option_service_code, option_service_name,monthly_price)
VALUES
    ('OPT-0001', 'V컬러링',3135),
    ('OPT-0002', '디즈니+',9405),
    ('OPT-0003', '넷플릭스',6500),
    ('OPT-0004', '요기요',6000),
    ('OPT-0005', 'GS칼텍스 주유세차권&차량정비서비스',5900),
    ('OPT-0006', '티빙',4950),
    ('OPT-0007', '스노우 VIP',4000),
    ('OPT-0008', '리디셀렉트 도서멤버쉽',3900),
    ('OPT-0009', '예스24 크레마 클럽',4500),
    ('OPT-0010', '모바일 한경',3300),
    ('OPT-0011', '클래스 101+',19900),
    ('OPT-0012', '밀리의 서재',11900),
    ('OPT-0013', '유튜브 프리미엄',13900),
    ('OPT-0014', '아이들나라(스탠다드+러닝)',0),
    ('OPT-0015', '지니뮤직(genie)',0),
    ('OPT-0016', '구글 원(Google One)',0)
ON CONFLICT (option_service_code) DO NOTHING;


/* 복지 유형 */
INSERT INTO welfare_discount (discount_rate, max_discount, welfare_code, welfare_name)
VALUES
    (0,null,'WLF-01','일반'),
    (0.35,null,'WLF-02','장애인 할인'),
    (0.35,28600,'WLF-03','국가 유공자 할인'),
    (0.35,23650,'WLF-04','기초 생활 수급자 할인'),
    (0.50,12100,'WLF-05','기초 연금 수급자 할인')
ON CONFLICT (welfare_code) DO NOTHING;

/* 네트워크 유형 */
INSERT INTO network_type (network_type_code, network_type_name)
VALUES
    ('NET-01','5G'),
    ('NET-02','LTE')
ON CONFLICT (network_type_code) DO NOTHING;

/* 요금제 데이터 과금 타입 */
INSERT INTO data_billing_type (data_billing_type_code, data_billing_type_name)
VALUES
    ('DBT-01','완전 무제한'),
    ('DBT-02','nMB 이후 과금'),
    ('DBT-03','초과 없음')
ON CONFLICT (data_billing_type_code) DO NOTHING;

/* 요금제 */
INSERT INTO public.plan
(plan_code, name, monthly_price, included_data_mb, excess_charge_per_mb, is_military_eligible, info, network_type_code, data_billing_type_code)
VALUES
-- =========================
-- 5G (NET-01) / 데이터 무제한 (DBT-01)
-- =========================
('PLN-001','5G 프리미어 에센셜',85000,0,0.0000,true,'데이터 무제한','NET-01','DBT-01'),
('PLN-002','5G 스탠다드',75000,0,0.0000,true,'데이터 무제한','NET-01','DBT-01'),
('PLN-003','5G 프리미어 레귤러',95000,0,0.0000,true,'데이터 무제한','NET-01','DBT-01'),
('PLN-004','유쓰 5G 스탠다드',75000,0,0.0000,false,'데이터 무제한','NET-01','DBT-01'),
('PLN-005','5G 데이터 레귤러',63000,0,0.0000,true,'데이터 무제한','NET-01','DBT-01'),
('PLN-006','5G 데이터 플러스',66000,0,0.0000,true,'데이터 무제한','NET-01','DBT-01'),
('PLN-007','5G 심플+',61000,0,0.0000,true,'데이터 무제한','NET-01','DBT-01'),
('PLN-008','유쓰 5G 데이터 플러스',66000,0,0.0000,true,'데이터 무제한','NET-01','DBT-01'),
('PLN-009','5G 라이트+',55000,0,0.0000,true,'데이터 무제한','NET-01','DBT-01'),
('PLN-010','유쓰 5G 라이트+',55000,0,0.0000,true,'데이터 무제한','NET-01','DBT-01'),
('PLN-011','5G 미니',37000,0,0.0000,true,'데이터 무제한','NET-01','DBT-01'),
('PLN-012','5G 슬림+',47000,0,0.0000,true,'데이터 무제한','NET-01','DBT-01'),
('PLN-013','5G 프리미어 플러스',105000,0,0.0000,true,'데이터 무제한','NET-01','DBT-01'),
('PLN-014','5G 프리미어 슈퍼',115000,0,0.0000,true,'데이터 무제한','NET-01','DBT-01'),
('PLN-015','5G 시니어 B형',43000,0,0.0000,false,'데이터 무제한','NET-01','DBT-01'),
('PLN-016','유쓰 5G 슬림+',47000,0,0.0000,true,'데이터 무제한','NET-01','DBT-01'),
('PLN-017','유쓰 5G 데이터 레귤러',63000,0,0.0000,true,'데이터 무제한','NET-01','DBT-01'),
('PLN-018','5G 베이직+',59000,0,0.0000,true,'데이터 무제한','NET-01','DBT-01'),
('PLN-019','5G 시니어 A형',45000,0,0.0000,false,'데이터 무제한','NET-01','DBT-01'),
('PLN-020','유쓰 5G 미니',37000,0,0.0000,true,'데이터 무제한','NET-01','DBT-01'),
('PLN-021','유쓰 5G 베이직+',59000,0,0.0000,true,'데이터 무제한','NET-01','DBT-01'),
('PLN-022','5G 스탠다드 에센셜',70000,0,0.0000,true,'데이터 무제한','NET-01','DBT-01'),
('PLN-023','유쓰 5G 심플+',61000,0,0.0000,true,'데이터 무제한','NET-01','DBT-01'),
('PLN-024','5G 시니어 C형',39000,0,0.0000,false,'데이터 무제한','NET-01','DBT-01'),
('PLN-025','5G 데이터 슈퍼',68000,0,0.0000,true,'데이터 무제한','NET-01','DBT-01'),
('PLN-026','유쓰 5G 스탠다드 에센셜',70000,0,0.0000,true,'데이터 무제한','NET-01','DBT-01'),
('PLN-027','5G 시그니처',130000,0,0.0000,true,'데이터 무제한','NET-01','DBT-01'),
('PLN-028','유쓰 5G 데이터 슈퍼',68000,0,0.0000,true,'데이터 무제한','NET-01','DBT-01'),
('PLN-029','5G 라이트 청소년',45000,0,0.0000,false,'데이터 무제한','NET-01','DBT-01'),
('PLN-030','5G 복지 55',55000,0,0.0000,false,'데이터 무제한','NET-01','DBT-01'),
('PLN-031','Global 9GB',47000,0,0.0000,false,'데이터 무제한','NET-01','DBT-01'),
('PLN-032','Global Unlimited',85000,0,0.0000,false,'데이터 무제한','NET-01','DBT-01'),
('PLN-033','5G 복지 75',75000,0,0.0000,false,'데이터 무제한','NET-01','DBT-01'),
('PLN-034','Global 5GB',37000,0,0.0000,false,'데이터 무제한','NET-01','DBT-01'),
('PLN-035','Global 14GB',55000,0,0.0000,false,'데이터 무제한','NET-01','DBT-01'),
('PLN-036','Global 80GB',66000,0,0.0000,false,'데이터 무제한','NET-01','DBT-01'),
('PLN-037','Global 31GB',61000,0,0.0000,false,'데이터 무제한','NET-01','DBT-01'),
('PLN-038','Global 150GB',75000,0,0.0000,false,'데이터 무제한','NET-01','DBT-01'),
('PLN-039','5G 키즈 29',29000,0,0.0000,false,'데이터 무제한','NET-01','DBT-01'),
('PLN-040','5G 키즈 39',39000,0,0.0000,false,'데이터 무제한','NET-01','DBT-01'),
('PLN-041','5G 키즈 45',45000,0,0.0000,false,'데이터 무제한','NET-01','DBT-01'),

-- =========================
-- LTE (NET-02)
-- =========================
-- DBT-02: nMB 이후 과금(혹은 0MB부터 과금 포함) / 단가 0.2750
('PLN-042','(LTE) 데이터 시니어 33',33000,1700,0.2750,false,'데이터 1.7GB / 1MB당 0.275원 / 3GB 이상 무제한','NET-02','DBT-02'),
('PLN-043','(LTE) 데이터 33',33000,1500,0.2750,true,'데이터 1.5GB / 1MB당 0.275원 / 3GB 이상 무제한','NET-02','DBT-02'),
('PLN-044','LTE 표준',11990,0,0.2750,false,'데이터 1MB당 0.275원','NET-02','DBT-02'),
('PLN-045','시니어16.5',16500,300,0.7250,false,'데이터 300MB / 1MB당 0.725원 / 3GB 이상 무제한','NET-02','DBT-02'),
('PLN-046','LTE 선택형 요금제 250MB',20900,250,0.2750,false,'데이터 250MB / 1MB당 0.275원 / 3GB 이상 무제한','NET-02','DBT-02'),
('PLN-047','LTE 선택형 요금제 500MB',24750,500,0.2750,false,'데이터 500MB / 1MB당 0.275원 / 3GB 이상 무제한','NET-02','DBT-02'),
('PLN-048','LTE 선택형 요금제 1GB',28600,1000,0.2750,false,'데이터 1GB / 1MB당 0.275원 / 3GB 이상 무제한','NET-02','DBT-02'),

-- DBT-01: 완전 무제한
('PLN-049','(LTE) 추가 요금 걱정 없는 데이터 69',69000,0,0.0000,true,'데이터 무제한','NET-02','DBT-01'),
('PLN-050','(LTE) 현역병사 데이터 55',55000,0,0.0000,true,'데이터 무제한','NET-02','DBT-01'),
('PLN-051','(LTE) 현역병사 데이터 33',33000,0,0.0000,true,'데이터 무제한','NET-02','DBT-01'),
('PLN-052','(LTE) 추가 요금 걱정 없는 데이터 시니어 69',69000,0,0.0000,false,'데이터 무제한','NET-02','DBT-01'),
('PLN-053','(LTE) 추가 요금 걱정 없는 데이터 청소년 33',33000,0,0.0000,false,'데이터 무제한','NET-02','DBT-01'),
('PLN-054','(LTE) 추가 요금 걱정 없는 데이터 청소년 69',69000,0,0.0000,false,'데이터 무제한','NET-02','DBT-01'),
('PLN-055','LTE 키즈 22(만 12세 이하)',22000,0,0.0000,false,'데이터 무제한','NET-02','DBT-01'),
('PLN-056','(LTE) 추가 요금 걱정 없는 데이터 청소년 59',59000,0,0.0000,false,'데이터 무제한','NET-02','DBT-01'),
('PLN-057','(LTE) 복지 49',49000,0,0.0000,false,'데이터 무제한','NET-02','DBT-01'),

-- DBT-03: 초과 X(데이터 차단)
('PLN-058','LTE청소년19',20900,350,0.0000,false,'데이터 350MB / 데이터 차단','NET-02','DBT-03'),
('PLN-059','(LTE) 복지 33',33000,2000,0.0000,false,'데이터 2GB / 데이터 차단','NET-02','DBT-03')
ON CONFLICT (plan_code) DO NOTHING;


/* 요금제 기본 제공 부가 서비스 매핑 */
INSERT INTO plan_included_option (plan_code,option_service_code)
VALUES
    ('PLN-003','OPT-0012'),
    ('PLN-003','OPT-0014'),
    ('PLN-003','OPT-0015'),
    ('PLN-003','OPT-0016'),

    ('PLN-013','OPT-0003'),
    ('PLN-013','OPT-0013'),
    ('PLN-013','OPT-0002'),
    ('PLN-013','OPT-0006'),

    ('PLN-014','OPT-0003'),
    ('PLN-014','OPT-0013'),
    ('PLN-014','OPT-0002'),
    ('PLN-014','OPT-0006'),

    ('PLN-027','OPT-0003'),
    ('PLN-027','OPT-0013'),
    ('PLN-027','OPT-0002'),
    ('PLN-027','OPT-0006')
ON CONFLICT (plan_code, option_service_code) DO NOTHING;

/* 선택 약정 */
INSERT INTO contract_discount (duration_months,discount_percent)
VALUES (12,0.25),(24,0.25)
ON CONFLICT (duration_months) DO NOTHING;